Sample name	Sex	Biosample ID	Population code	Population name	Superpopulation code	Superpopulation name	Population elastic ID	Data collections
HG02563	male	SAME1839824	GWD	Gambian Mandinka	AFR	African Ancestry	GWD	1000 Genomes 30x on GRCh38
HG02568	female	SAME1839899	GWD	Gambian Mandinka	AFR	African Ancestry	GWD	1000 Genomes on GRCh38,1000 Genomes 30x on GRCh38,1000 Genomes phase 3 release,Gambian Genome Variation Project (GRCh38)
HG02570	male	SAME1839582	GWD	Gambian Mandinka	AFR	African Ancestry	GWD	1000 Genomes on GRCh38,1000 Genomes 30x on GRCh38,1000 Genomes phase 3 release,Gambian Genome Variation Project (GRCh38)
HG02575	male	SAME1839650	GWD	Gambian Mandinka	AFR	African Ancestry	GWD	1000 Genomes 30x on GRCh38
HG02582	male	SAME1839431	GWD	Gambian Mandinka	AFR	African Ancestry	GWD	1000 Genomes on GRCh38,1000 Genomes 30x on GRCh38,1000 Genomes phase 3 release,Gambian Genome Variation Project (GRCh38)
HG02587	female	SAME1839409	GWD	Gambian Mandinka	AFR	African Ancestry	GWD	1000 Genomes 30x on GRCh38,Human Genome Structural Variation Consortium, Phase 2
HG02594	male	SAME1839208	GWD	Gambian Mandinka	AFR	African Ancestry	GWD	1000 Genomes on GRCh38,1000 Genomes 30x on GRCh38,1000 Genomes phase 3 release,Gambian Genome Variation Project (GRCh38)
HG02462	female	SAME1839991	GWD	Gambian Mandinka	AFR	African Ancestry	GWD	1000 Genomes on GRCh38,1000 Genomes 30x on GRCh38,1000 Genomes phase 3 release,Gambian Genome Variation Project (GRCh38)
HG02614	female	SAME1840385	GWD	Gambian Mandinka	AFR	African Ancestry	GWD	1000 Genomes on GRCh38,1000 Genomes 30x on GRCh38,1000 Genomes phase 3 release,Gambian Genome Variation Project (GRCh38)
HG02621	female	SAME1840187	GWD	Gambian Mandinka	AFR	African Ancestry	GWD	1000 Genomes on GRCh38,1000 Genomes 30x on GRCh38,1000 Genomes phase 3 release,Gambian Genome Variation Project (GRCh38)
HG02645	male	SAME1839774	GWD	Gambian Mandinka	AFR	African Ancestry	GWD	1000 Genomes on GRCh38,1000 Genomes 30x on GRCh38,1000 Genomes phase 3 release,Gambian Genome Variation Project (GRCh38)
HG02878	male	SAME1840363	GWD	Gambian Mandinka	AFR	African Ancestry	GWD	1000 Genomes on GRCh38,1000 Genomes 30x on GRCh38,1000 Genomes phase 3 release,Gambian Genome Variation Project (GRCh38)
HG02880	female	SAME1840090	GWD	Gambian Mandinka	AFR	African Ancestry	GWD	1000 Genomes 30x on GRCh38
HG02885	female	SAME1840157	GWD	Gambian Mandinka	AFR	African Ancestry	GWD	1000 Genomes on GRCh38,1000 Genomes 30x on GRCh38,1000 Genomes phase 3 release,Gambian Genome Variation Project (GRCh38)
HG02892	male	SAME1839935	GWD	Gambian Mandinka	AFR	African Ancestry	GWD	1000 Genomes 30x on GRCh38
HG02897	female	SAME1839910	GWD	Gambian Mandinka	AFR	African Ancestry	GWD	1000 Genomes 30x on GRCh38
HG02804	male	SAME1840084	GWD	Gambian Mandinka	AFR	African Ancestry	GWD	1000 Genomes on GRCh38,1000 Genomes 30x on GRCh38,1000 Genomes phase 3 release,Gambian Genome Variation Project (GRCh38)
HG02809	female	SAME1840067	GWD	Gambian Mandinka	AFR	African Ancestry	GWD	1000 Genomes 30x on GRCh38
HG02811	female	SAME1839849	GWD	Gambian Mandinka	AFR	African Ancestry	GWD	1000 Genomes on GRCh38,1000 Genomes 30x on GRCh38,1000 Genomes phase 3 release,Gambian Genome Variation Project (GRCh38)
HG02816	male	SAME1839822	GWD	Gambian Mandinka	AFR	African Ancestry	GWD	1000 Genomes on GRCh38,1000 Genomes 30x on GRCh38,1000 Genomes phase 3 release,Gambian Genome Variation Project (GRCh38)
HG02854	male	SAME1839336	GWD	Gambian Mandinka	AFR	African Ancestry	GWD	1000 Genomes on GRCh38,1000 Genomes 30x on GRCh38,1000 Genomes phase 3 release,Gambian Genome Variation Project (GRCh38)
HG02861	female	SAME1839125	GWD	Gambian Mandinka	AFR	African Ancestry	GWD	1000 Genomes on GRCh38,1000 Genomes 30x on GRCh38,1000 Genomes phase 3 release,Gambian Genome Variation Project (GRCh38)
HG02703	female	SAME1840142	GWD	Gambian Mandinka	AFR	African Ancestry	GWD	1000 Genomes on GRCh38,1000 Genomes 30x on GRCh38,1000 Genomes phase 3 release,Gambian Genome Variation Project (GRCh38)
HG02715	male	SAME1839987	GWD	Gambian Mandinka	AFR	African Ancestry	GWD	1000 Genomes on GRCh38,1000 Genomes 30x on GRCh38,1000 Genomes phase 3 release,Gambian Genome Variation Project (GRCh38)
HG02722	female	SAME1839747	GWD	Gambian Mandinka	AFR	African Ancestry	GWD	1000 Genomes on GRCh38,1000 Genomes 30x on GRCh38,1000 Genomes phase 3 release,Gambian Genome Variation Project (GRCh38)
HG02757	female	SAME1839451	GWD	Gambian Mandinka	AFR	African Ancestry	GWD	1000 Genomes on GRCh38,1000 Genomes 30x on GRCh38,1000 Genomes phase 3 release,Gambian Genome Variation Project (GRCh38)
HG02764	male	SAME1839250	GWD	Gambian Mandinka	AFR	African Ancestry	GWD	1000 Genomes 30x on GRCh38
HG02769	female	SAME1839231	GWD	Gambian Mandinka	AFR	African Ancestry	GWD	1000 Genomes on GRCh38,1000 Genomes 30x on GRCh38,Human Genome Structural Variation Consortium, Phase 3,1000 Genomes phase 3 release,Gambian Genome Variation Project (GRCh38)
HG02771	male	SAME1839045	GWD	Gambian Mandinka	AFR	African Ancestry	GWD	1000 Genomes on GRCh38,1000 Genomes 30x on GRCh38,1000 Genomes phase 3 release,Gambian Genome Variation Project (GRCh38)
HG03028	female	SAME1839729	GWD	Gambian Mandinka	AFR	African Ancestry	GWD	1000 Genomes on GRCh38,1000 Genomes 30x on GRCh38,1000 Genomes phase 3 release,Gambian Genome Variation Project (GRCh38)
HG02808	female	SAME1840069	GWD	Gambian Mandinka	AFR	African Ancestry	GWD	1000 Genomes on GRCh38,1000 Genomes 30x on GRCh38,1000 Genomes phase 3 release,Gambian Genome Variation Project (GRCh38)
HG03035	male	SAME1839573	GWD	Gambian Mandinka	AFR	African Ancestry	GWD	1000 Genomes 30x on GRCh38
HG02810	male	SAME1839854	GWD	Gambian Mandinka	AFR	African Ancestry	GWD	1000 Genomes on GRCh38,1000 Genomes 30x on GRCh38,1000 Genomes phase 3 release,Gambian Genome Variation Project (GRCh38)
HG03047	female	SAME1839644	GWD	Gambian Mandinka	AFR	African Ancestry	GWD	1000 Genomes 30x on GRCh38
HG02815	male	SAME1839829	GWD	Gambian Mandinka	AFR	African Ancestry	GWD	1000 Genomes 30x on GRCh38
HG02839	male	SAME1839413	GWD	Gambian Mandinka	AFR	African Ancestry	GWD	1000 Genomes on GRCh38,1000 Genomes 30x on GRCh38,1000 Genomes phase 3 release,Gambian Genome Variation Project (GRCh38)
HG02841	female	SAME1839470	GWD	Gambian Mandinka	AFR	African Ancestry	GWD	1000 Genomes 30x on GRCh38
HG02758	female	SAME1839448	GWD	Gambian Mandinka	AFR	African Ancestry	GWD	
HG02853	male	SAME1839342	GWD	Gambian Mandinka	AFR	African Ancestry	GWD	1000 Genomes 30x on GRCh38
HG02760	female	SAME1839267	GWD	Gambian Mandinka	AFR	African Ancestry	GWD	1000 Genomes on GRCh38,1000 Genomes 30x on GRCh38,1000 Genomes phase 3 release,Gambian Genome Variation Project (GRCh38)
HG02860	male	SAME1839132	GWD	Gambian Mandinka	AFR	African Ancestry	GWD	1000 Genomes on GRCh38,1000 Genomes 30x on GRCh38,1000 Genomes phase 3 release,Gambian Genome Variation Project (GRCh38)
HG02772	female	SAME1839039	GWD	Gambian Mandinka	AFR	African Ancestry	GWD	1000 Genomes on GRCh38,1000 Genomes 30x on GRCh38,1000 Genomes phase 3 release,Gambian Genome Variation Project (GRCh38)
HG02562	female	SAME1839832	GWD	Gambian Mandinka	AFR	African Ancestry	GWD	1000 Genomes on GRCh38,1000 Genomes 30x on GRCh38,1000 Genomes phase 3 release,Gambian Genome Variation Project (GRCh38)
HG02567	male	SAME1839905	GWD	Gambian Mandinka	AFR	African Ancestry	GWD	1000 Genomes on GRCh38
HG02676	female	SAME1839491	GWD	Gambian Mandinka	AFR	African Ancestry	GWD	1000 Genomes on GRCh38,1000 Genomes 30x on GRCh38,1000 Genomes phase 3 release,Gambian Genome Variation Project (GRCh38)
HG02574	female	SAME1839652	GWD	Gambian Mandinka,Gambian	AFR	African Ancestry,Africa (SGDP)	GWD,GambianSGDP	1000 Genomes on GRCh38,Simons Genome Diversity Project,1000 Genomes 30x on GRCh38,1000 Genomes phase 3 release,Gambian Genome Variation Project (GRCh38)
HG02586	female	SAME1839414	GWD	Gambian Mandinka	AFR	African Ancestry	GWD	1000 Genomes on GRCh38,1000 Genomes 30x on GRCh38,1000 Genomes phase 3 release,Gambian Genome Variation Project (GRCh38)
HG02702	male	SAME1840149	GWD	Gambian Mandinka	AFR	African Ancestry	GWD	1000 Genomes on GRCh38,1000 Genomes 30x on GRCh38,1000 Genomes phase 3 release,Gambian Genome Variation Project (GRCh38)
HG03249	male	SAME1839183	GWD	Gambian Mandinka	AFR	African Ancestry	GWD	1000 Genomes on GRCh38,1000 Genomes 30x on GRCh38,Gambian Genome Variation Project (GRCh38)
HG02721	male	SAME1839749	GWD	Gambian Mandinka	AFR	African Ancestry	GWD	1000 Genomes on GRCh38,1000 Genomes 30x on GRCh38,1000 Genomes phase 3 release,Gambian Genome Variation Project (GRCh38)
HG03251	female	SAME1840266	GWD	Gambian Mandinka	AFR	African Ancestry	GWD	1000 Genomes 30x on GRCh38
HG02613	male	SAME1840390	GWD	Gambian Mandinka	AFR	African Ancestry	GWD	1000 Genomes on GRCh38,1000 Genomes 30x on GRCh38,1000 Genomes phase 3 release,Gambian Genome Variation Project (GRCh38)
HG02620	male	SAME1840191	GWD	Gambian Mandinka	AFR	African Ancestry	GWD	1000 Genomes on GRCh38,1000 Genomes 30x on GRCh38,1000 Genomes phase 3 release,Gambian Genome Variation Project (GRCh38)
HG02625	male	SAME1840257	GWD	Gambian Mandinka	AFR	African Ancestry	GWD	1000 Genomes 30x on GRCh38
HG02644	male	SAME1839782	GWD	Gambian Mandinka	AFR	African Ancestry	GWD	1000 Genomes 30x on GRCh38
HG02461	male	SAME1839993	GWD	Gambian Mandinka	AFR	African Ancestry	GWD	1000 Genomes on GRCh38,1000 Genomes 30x on GRCh38,1000 Genomes phase 3 release,Gambian Genome Variation Project (GRCh38)
HG02466	male	SAME1839970	GWD	Gambian Mandinka	AFR	African Ancestry	GWD	1000 Genomes 30x on GRCh38
HG02668	male	SAME1839377	GWD	Gambian Mandinka	AFR	African Ancestry	GWD	1000 Genomes 30x on GRCh38
HG02675	male	SAME1839495	GWD	Gambian Mandinka	AFR	African Ancestry	GWD	1000 Genomes on GRCh38,1000 Genomes 30x on GRCh38,1000 Genomes phase 3 release,Gambian Genome Variation Project (GRCh38)
HG03027	male	SAME1839725	GWD	Gambian Mandinka	AFR	African Ancestry	GWD	1000 Genomes on GRCh38,1000 Genomes 30x on GRCh38,1000 Genomes phase 3 release
HG03034	female	SAME1839568	GWD	Gambian Mandinka	AFR	African Ancestry	GWD	1000 Genomes on GRCh38,1000 Genomes 30x on GRCh38,Gambian Genome Variation Project (GRCh38)
HG03039	male	SAME1839593	GWD	Gambian Mandinka	AFR	African Ancestry	GWD	1000 Genomes on GRCh38,1000 Genomes 30x on GRCh38,1000 Genomes phase 3 release,Gambian Genome Variation Project (GRCh38)
HG03041	female	SAME1839620	GWD	Gambian Mandinka	AFR	African Ancestry	GWD	1000 Genomes 30x on GRCh38
HG03046	female	SAME1839639	GWD	Gambian Mandinka	AFR	African Ancestry	GWD	1000 Genomes on GRCh38,1000 Genomes 30x on GRCh38,1000 Genomes phase 3 release,Gambian Genome Variation Project (GRCh38)
HG03248	male	SAME1839180	GWD	Gambian Mandinka	AFR	African Ancestry	GWD	1000 Genomes 30x on GRCh38,Human Genome Structural Variation Consortium, Phase 3
HG02884	male	SAME1840161	GWD	Gambian Mandinka	AFR	African Ancestry	GWD	1000 Genomes on GRCh38,1000 Genomes 30x on GRCh38,1000 Genomes phase 3 release,Gambian Genome Variation Project (GRCh38)
HG02889	female	SAME1840133	GWD	Gambian Mandinka	AFR	African Ancestry	GWD	1000 Genomes 30x on GRCh38
HG02891	female	SAME1839938	GWD	Gambian Mandinka	AFR	African Ancestry	GWD	1000 Genomes on GRCh38,1000 Genomes 30x on GRCh38,1000 Genomes phase 3 release,Gambian Genome Variation Project (GRCh38)
HG02896	female	SAME1839916	GWD	Gambian Mandinka	AFR	African Ancestry	GWD	1000 Genomes on GRCh38,1000 Genomes 30x on GRCh38,1000 Genomes phase 3 release,Gambian Genome Variation Project (GRCh38)
HG03250	female	SAME1840262	GWD	Gambian Mandinka	AFR	African Ancestry	GWD	1000 Genomes on GRCh38,1000 Genomes 30x on GRCh38,Gambian Genome Variation Project (GRCh38)
HG03539	female	SAME1840014	GWD	Gambian Mandinka	AFR	African Ancestry	GWD	1000 Genomes on GRCh38,1000 Genomes 30x on GRCh38,1000 Genomes phase 3 release,Gambian Genome Variation Project (GRCh38)
SC_GMMAN5482170	female		GWD	Gambian Mandinka	AFR	African Ancestry	GWD	Gambian Genome Variation Project (GRCh37),Gambian Genome Variation Project (GRCh38)
SC_GMMAN5482194	female		GWD	Gambian Mandinka	AFR	African Ancestry	GWD	Gambian Genome Variation Project (GRCh37),Gambian Genome Variation Project (GRCh38)
SC_GMMAN5482202	male		GWD	Gambian Mandinka	AFR	African Ancestry	GWD	Gambian Genome Variation Project (GRCh37),Gambian Genome Variation Project (GRCh38)
SC_GMMAN5482163	male		GWD	Gambian Mandinka	AFR	African Ancestry	GWD	Gambian Genome Variation Project (GRCh37),Gambian Genome Variation Project (GRCh38)
SC_GMMAN5482187	male		GWD	Gambian Mandinka	AFR	African Ancestry	GWD	Gambian Genome Variation Project (GRCh37),Gambian Genome Variation Project (GRCh38)
SC_GMMAN5482219	female		GWD	Gambian Mandinka	AFR	African Ancestry	GWD	Gambian Genome Variation Project (GRCh37),Gambian Genome Variation Project (GRCh38)
SC_GMMAN5482252	male		GWD	Gambian Mandinka	AFR	African Ancestry	GWD	Gambian Genome Variation Project (GRCh37),Gambian Genome Variation Project (GRCh38)
SC_GMMAN5482283	female		GWD	Gambian Mandinka	AFR	African Ancestry	GWD	Gambian Genome Variation Project (GRCh37),Gambian Genome Variation Project (GRCh38)
SC_GMMAN5482315	female		GWD	Gambian Mandinka	AFR	African Ancestry	GWD	Gambian Genome Variation Project (GRCh37),Gambian Genome Variation Project (GRCh38)
SC_GMMAN5482276	male		GWD	Gambian Mandinka	AFR	African Ancestry	GWD	Gambian Genome Variation Project (GRCh37),Gambian Genome Variation Project (GRCh38)
SC_GMMAN5482308	female		GWD	Gambian Mandinka	AFR	African Ancestry	GWD	Gambian Genome Variation Project (GRCh37),Gambian Genome Variation Project (GRCh38)
SC_GMMAN5482240	male		GWD	Gambian Mandinka	AFR	African Ancestry	GWD	Gambian Genome Variation Project (GRCh37),Gambian Genome Variation Project (GRCh38)
SC_GMMAN5482233	male		GWD	Gambian Mandinka	AFR	African Ancestry	GWD	Gambian Genome Variation Project (GRCh37),Gambian Genome Variation Project (GRCh38)
SC_GMMAN5482290	female		GWD	Gambian Mandinka	AFR	African Ancestry	GWD	Gambian Genome Variation Project (GRCh37),Gambian Genome Variation Project (GRCh38)
SC_GMMAN5482322	male		GWD	Gambian Mandinka	AFR	African Ancestry	GWD	Gambian Genome Variation Project (GRCh37),Gambian Genome Variation Project (GRCh38)
SC_GMMAN5482221	female		GWD	Gambian Mandinka	AFR	African Ancestry	GWD	Gambian Genome Variation Project (GRCh37),Gambian Genome Variation Project (GRCh38)
SC_GMMAN5482199	female		GWD	Gambian Mandinka	AFR	African Ancestry	GWD	Gambian Genome Variation Project (GRCh37),Gambian Genome Variation Project (GRCh38)
SC_GMMAN5482207	male		GWD	Gambian Mandinka	AFR	African Ancestry	GWD	Gambian Genome Variation Project (GRCh37),Gambian Genome Variation Project (GRCh38)
SC_GMMAN5482168	female		GWD	Gambian Mandinka	AFR	African Ancestry	GWD	Gambian Genome Variation Project (GRCh37),Gambian Genome Variation Project (GRCh38)
SC_GMMAN5482162	male		GWD	Gambian Mandinka	AFR	African Ancestry	GWD	Gambian Genome Variation Project (GRCh37),Gambian Genome Variation Project (GRCh38)
SC_GMMAN5482186	female		GWD	Gambian Mandinka	AFR	African Ancestry	GWD	Gambian Genome Variation Project (GRCh37),Gambian Genome Variation Project (GRCh38)
SC_GMMAN5482232	male		GWD	Gambian Mandinka	AFR	African Ancestry	GWD	Gambian Genome Variation Project (GRCh37),Gambian Genome Variation Project (GRCh38)
SC_GMMAN5482256	male		GWD	Gambian Mandinka	AFR	African Ancestry	GWD	Gambian Genome Variation Project (GRCh37),Gambian Genome Variation Project (GRCh38)
SC_GMMAN5482193	female		GWD	Gambian Mandinka	AFR	African Ancestry	GWD	Gambian Genome Variation Project (GRCh37),Gambian Genome Variation Project (GRCh38)
SC_GMMAN5482201	female		GWD	Gambian Mandinka	AFR	African Ancestry	GWD	Gambian Genome Variation Project (GRCh37),Gambian Genome Variation Project (GRCh38)
SC_GMMAN5482225	female		GWD	Gambian Mandinka	AFR	African Ancestry	GWD	Gambian Genome Variation Project (GRCh37),Gambian Genome Variation Project (GRCh38)
SC_GMMAN5482282	male		GWD	Gambian Mandinka	AFR	African Ancestry	GWD	Gambian Genome Variation Project (GRCh37),Gambian Genome Variation Project (GRCh38)
SC_GMMAN5482314	female		GWD	Gambian Mandinka	AFR	African Ancestry	GWD	Gambian Genome Variation Project (GRCh37),Gambian Genome Variation Project (GRCh38)
SC_GMMAN5482299	male		GWD	Gambian Mandinka	AFR	African Ancestry	GWD	Gambian Genome Variation Project (GRCh37),Gambian Genome Variation Project (GRCh38)
SC_GMMAN5482307	male		GWD	Gambian Mandinka	AFR	African Ancestry	GWD	Gambian Genome Variation Project (GRCh37),Gambian Genome Variation Project (GRCh38)
SC_GMMAN5482268	female		GWD	Gambian Mandinka	AFR	African Ancestry	GWD	Gambian Genome Variation Project (GRCh37),Gambian Genome Variation Project (GRCh38)
SC_GMMAN5482340	female		GWD	Gambian Mandinka	AFR	African Ancestry	GWD	Gambian Genome Variation Project (GRCh37),Gambian Genome Variation Project (GRCh38)
SC_GMMAN5482251	male		GWD	Gambian Mandinka	AFR	African Ancestry	GWD	Gambian Genome Variation Project (GRCh37),Gambian Genome Variation Project (GRCh38)
SC_GMMAN5482220	female		GWD	Gambian Mandinka	AFR	African Ancestry	GWD	Gambian Genome Variation Project (GRCh37),Gambian Genome Variation Project (GRCh38)
SC_GMMAN5482244	female		GWD	Gambian Mandinka	AFR	African Ancestry	GWD	Gambian Genome Variation Project (GRCh37),Gambian Genome Variation Project (GRCh38)
SC_GMMAN5482181	male		GWD	Gambian Mandinka	AFR	African Ancestry	GWD	Gambian Genome Variation Project (GRCh37),Gambian Genome Variation Project (GRCh38)
SC_GMMAN5482213	female		GWD	Gambian Mandinka	AFR	African Ancestry	GWD	Gambian Genome Variation Project (GRCh37),Gambian Genome Variation Project (GRCh38)
HG02569	male	SAME1839892	GWD	Gambian Mandinka	AFR	African Ancestry	GWD	1000 Genomes 30x on GRCh38
HG02571	female	SAME1839577	GWD	Gambian Mandinka	AFR	African Ancestry	GWD	1000 Genomes on GRCh38,1000 Genomes 30x on GRCh38,1000 Genomes phase 3 release,Gambian Genome Variation Project (GRCh38)
HG02583	female	SAME1839429	GWD	Gambian Mandinka	AFR	African Ancestry	GWD	1000 Genomes on GRCh38,1000 Genomes 30x on GRCh38,1000 Genomes phase 3 release,Gambian Genome Variation Project (GRCh38)
HG02588	male	SAME1839404	GWD	Gambian Mandinka	AFR	African Ancestry	GWD	1000 Genomes on GRCh38,1000 Genomes 30x on GRCh38,1000 Genomes phase 3 release,Gambian Genome Variation Project (GRCh38)
HG02590	male	SAME1839222	GWD	Gambian Mandinka	AFR	African Ancestry	GWD	1000 Genomes 30x on GRCh38
HG02595	female	SAME1839204	GWD	Gambian Mandinka	AFR	African Ancestry	GWD	1000 Genomes on GRCh38,1000 Genomes 30x on GRCh38,1000 Genomes phase 3 release,Gambian Genome Variation Project (GRCh38)
HG02610	male	SAME1840405	GWD	Gambian Mandinka	AFR	African Ancestry	GWD	1000 Genomes on GRCh38,1000 Genomes 30x on GRCh38,1000 Genomes phase 3 release,Gambian Genome Variation Project (GRCh38)
HG02615	female	SAME1840380	GWD	Gambian Mandinka	AFR	African Ancestry	GWD	1000 Genomes 30x on GRCh38
HG02622	female	SAME1840185	GWD	Gambian Mandinka	AFR	African Ancestry	GWD	1000 Genomes 30x on GRCh38
HG02634	male	SAME1840031	GWD	Gambian Mandinka	AFR	African Ancestry	GWD	1000 Genomes on GRCh38,1000 Genomes 30x on GRCh38,1000 Genomes phase 3 release,Gambian Genome Variation Project (GRCh38)
HG02646	female	SAME1839770	GWD	Gambian Mandinka	AFR	African Ancestry	GWD	1000 Genomes on GRCh38,1000 Genomes 30x on GRCh38,1000 Genomes phase 3 release,Gambian Genome Variation Project (GRCh38)
HG02465	female	SAME1839973	GWD	Gambian Mandinka	AFR	African Ancestry	GWD	1000 Genomes on GRCh38,1000 Genomes 30x on GRCh38,1000 Genomes phase 3 release,Gambian Genome Variation Project (GRCh38)
HG02463	male	SAME1839983	GWD	Gambian Mandinka	AFR	African Ancestry	GWD	1000 Genomes 30x on GRCh38
HG02800	male	SAME1840000	GWD	Gambian Mandinka	AFR	African Ancestry	GWD	1000 Genomes 30x on GRCh38
HG02805	female	SAME1840081	GWD	Gambian Mandinka	AFR	African Ancestry	GWD	1000 Genomes on GRCh38,1000 Genomes 30x on GRCh38,1000 Genomes phase 3 release,Gambian Genome Variation Project (GRCh38)
HG02812	male	SAME1839846	GWD	Gambian Mandinka	AFR	African Ancestry	GWD	1000 Genomes 30x on GRCh38
HG02817	female	SAME1839819	GWD	Gambian Mandinka	AFR	African Ancestry	GWD	1000 Genomes on GRCh38,1000 Genomes 30x on GRCh38,1000 Genomes phase 3 release,Gambian Genome Variation Project (GRCh38)
HG02836	male	SAME1839428	GWD	Gambian Mandinka	AFR	African Ancestry	GWD	1000 Genomes on GRCh38,1000 Genomes 30x on GRCh38,1000 Genomes phase 3 release,Gambian Genome Variation Project (GRCh38)
HG02855	female	SAME1839330	GWD	Gambian Mandinka	AFR	African Ancestry	GWD	1000 Genomes on GRCh38,1000 Genomes 30x on GRCh38,1000 Genomes phase 3 release,Gambian Genome Variation Project (GRCh38)
HG02862	female	SAME1839123	GWD	Gambian Mandinka	AFR	African Ancestry	GWD	1000 Genomes 30x on GRCh38
HG02704	female	SAME1840134	GWD	Gambian Mandinka	AFR	African Ancestry	GWD	1000 Genomes 30x on GRCh38
HG02716	female	SAME1839981	GWD	Gambian Mandinka	AFR	African Ancestry	GWD	1000 Genomes on GRCh38,1000 Genomes 30x on GRCh38,1000 Genomes phase 3 release,Gambian Genome Variation Project (GRCh38)
HG02723	female	SAME1839742	GWD	Gambian Mandinka	AFR	African Ancestry	GWD	1000 Genomes 30x on GRCh38
HG02759	male	SAME1839445	GWD	Gambian Mandinka	AFR	African Ancestry	GWD	1000 Genomes on GRCh38,1000 Genomes 30x on GRCh38,1000 Genomes phase 3 release,Gambian Genome Variation Project (GRCh38)
HG02612	male	SAME1840394	GWD	Gambian Mandinka	AFR	African Ancestry	GWD	1000 Genomes 30x on GRCh38
HG02761	female	SAME1839262	GWD	Gambian Mandinka	AFR	African Ancestry	GWD	1000 Genomes 30x on GRCh38
HG02624	female	SAME1840259	GWD	Gambian Mandinka	AFR	African Ancestry	GWD	1000 Genomes on GRCh38,1000 Genomes 30x on GRCh38,1000 Genomes phase 3 release,Gambian Genome Variation Project (GRCh38)
HG02773	male	SAME1839034	GWD	Gambian Mandinka	AFR	African Ancestry	GWD	1000 Genomes 30x on GRCh38
HG02629	female	SAME1840230	GWD	Gambian Mandinka	AFR	African Ancestry	GWD	1000 Genomes on GRCh38,1000 Genomes 30x on GRCh38,1000 Genomes phase 3 release,Gambian Genome Variation Project (GRCh38)
HG02636	male	SAME1840017	GWD	Gambian Mandinka	AFR	African Ancestry	GWD	1000 Genomes 30x on GRCh38
HG02643	female	SAME1839785	GWD	Gambian Mandinka	AFR	African Ancestry	GWD	1000 Genomes on GRCh38,1000 Genomes 30x on GRCh38,1000 Genomes phase 3 release,Gambian Genome Variation Project (GRCh38)
HG03024	male	SAME1839799	GWD	Gambian Mandinka	AFR	African Ancestry	GWD	1000 Genomes on GRCh38,1000 Genomes 30x on GRCh38,1000 Genomes phase 3 release,Gambian Genome Variation Project (GRCh38)
HG03029	male	SAME1839733	GWD	Gambian Mandinka	AFR	African Ancestry	GWD	1000 Genomes 30x on GRCh38
HG03048	male	SAME1839647	GWD	Gambian Mandinka	AFR	African Ancestry	GWD	1000 Genomes on GRCh38,1000 Genomes 30x on GRCh38,1000 Genomes phase 3 release,Gambian Genome Variation Project (GRCh38)
HG02799	female	SAME1840384	GWD	Gambian Mandinka	AFR	African Ancestry	GWD	1000 Genomes on GRCh38,1000 Genomes 30x on GRCh38,1000 Genomes phase 3 release,Gambian Genome Variation Project (GRCh38)
HG03050	male	SAME1839482	GWD	Gambian Mandinka	AFR	African Ancestry	GWD	1000 Genomes 30x on GRCh38
HG02807	male	SAME1840073	GWD	Gambian Mandinka	AFR	African Ancestry	GWD	1000 Genomes on GRCh38,1000 Genomes 30x on GRCh38,1000 Genomes phase 3 release,Gambian Genome Variation Project (GRCh38)
HG02814	female	SAME1839837	GWD	Gambian Mandinka	AFR	African Ancestry	GWD	1000 Genomes on GRCh38,1000 Genomes 30x on GRCh38,1000 Genomes phase 3 release,Gambian Genome Variation Project (GRCh38)
HG02819	male	SAME1839804	GWD	Gambian Mandinka	AFR	African Ancestry	GWD	1000 Genomes on GRCh38,1000 Genomes 30x on GRCh38,1000 Genomes phase 3 release,Gambian Genome Variation Project (GRCh38)
HG02821	male	SAME1839588	GWD	Gambian Mandinka	AFR	African Ancestry	GWD	1000 Genomes 30x on GRCh38
HG02838	male	SAME1839417	GWD	Gambian Mandinka	AFR	African Ancestry	GWD	1000 Genomes 30x on GRCh38
HG02982	male	SAME1840015	GWD	Gambian Mandinka	AFR	African Ancestry	GWD	1000 Genomes on GRCh38,1000 Genomes 30x on GRCh38,1000 Genomes phase 3 release,Gambian Genome Variation Project (GRCh38)
HG02840	female	SAME1839475	GWD	Gambian Mandinka	AFR	African Ancestry	GWD	1000 Genomes on GRCh38,1000 Genomes 30x on GRCh38,1000 Genomes phase 3 release,Gambian Genome Variation Project (GRCh38)
HG02852	female	SAME1839346	GWD	Gambian Mandinka	AFR	African Ancestry	GWD	1000 Genomes on GRCh38,1000 Genomes 30x on GRCh38,1000 Genomes phase 3 release,Gambian Genome Variation Project (GRCh38)
HG02677	female	SAME1839483	GWD	Gambian Mandinka	AFR	African Ancestry	GWD	1000 Genomes 30x on GRCh38
HG02984	male	SAME1840004	GWD	Gambian Mandinka	AFR	African Ancestry	GWD	1000 Genomes 30x on GRCh38
HG02879	female	SAME1840355	GWD	Gambian Mandinka	AFR	African Ancestry	GWD	1000 Genomes on GRCh38,1000 Genomes 30x on GRCh38,1000 Genomes phase 3 release,Gambian Genome Variation Project (GRCh38)
HG02881	male	SAME1840178	GWD	Gambian Mandinka	AFR	African Ancestry	GWD	1000 Genomes on GRCh38,1000 Genomes 30x on GRCh38,1000 Genomes phase 3 release,Gambian Genome Variation Project (GRCh38)
HG02869	male	SAME1839184	GWD	Gambian Mandinka	AFR	African Ancestry	GWD	1000 Genomes on GRCh38,1000 Genomes 30x on GRCh38,Gambian Genome Variation Project (GRCh38)
HG02886	female	SAME1840151	GWD	Gambian Mandinka	AFR	African Ancestry	GWD	1000 Genomes 30x on GRCh38
HG02871	female	SAME1840312	GWD	Gambian Mandinka	AFR	African Ancestry	GWD	1000 Genomes 30x on GRCh38
HG02883	male	SAME1840164	GWD	Gambian Mandinka	AFR	African Ancestry	GWD	1000 Genomes 30x on GRCh38
HG02888	female	SAME1840139	GWD	Gambian Mandinka	AFR	African Ancestry	GWD	1000 Genomes on GRCh38,1000 Genomes 30x on GRCh38,1000 Genomes phase 3 release,Gambian Genome Variation Project (GRCh38)
HG02890	male	SAME1839947	GWD	Gambian Mandinka	AFR	African Ancestry	GWD	1000 Genomes on GRCh38,1000 Genomes 30x on GRCh38,1000 Genomes phase 3 release,Gambian Genome Variation Project (GRCh38)
HG02895	male	SAME1839918	GWD	Gambian Mandinka	AFR	African Ancestry	GWD	1000 Genomes on GRCh38,1000 Genomes 30x on GRCh38,1000 Genomes phase 3 release,Gambian Genome Variation Project (GRCh38)
HG03026	female	SAME1839714	GWD	Gambian Mandinka	AFR	African Ancestry	GWD	1000 Genomes 30x on GRCh38
HG03033	male	SAME1839566	GWD	Gambian Mandinka	AFR	African Ancestry	GWD	1000 Genomes on GRCh38,1000 Genomes 30x on GRCh38,Gambian Genome Variation Project (GRCh38)
HG03040	female	SAME1839611	GWD	Gambian Mandinka	AFR	African Ancestry	GWD	1000 Genomes on GRCh38,1000 Genomes 30x on GRCh38,1000 Genomes phase 3 release,Gambian Genome Variation Project (GRCh38)
HG03240	male	SAME1839050	GWD	Gambian Mandinka	AFR	African Ancestry	GWD	1000 Genomes on GRCh38,1000 Genomes 30x on GRCh38,1000 Genomes phase 3 release,Gambian Genome Variation Project (GRCh38)
HG03045	male	SAME1839635	GWD	Gambian Mandinka	AFR	African Ancestry	GWD	1000 Genomes on GRCh38,1000 Genomes 30x on GRCh38,1000 Genomes phase 3 release,Gambian Genome Variation Project (GRCh38)
HG02561	male	SAME1839838	GWD	Gambian Mandinka	AFR	African Ancestry	GWD	1000 Genomes on GRCh38,1000 Genomes 30x on GRCh38,1000 Genomes phase 3 release,Gambian Genome Variation Project (GRCh38)
HG02573	male	SAME1839567	GWD	Gambian Mandinka	AFR	African Ancestry	GWD	1000 Genomes on GRCh38,1000 Genomes 30x on GRCh38,1000 Genomes phase 3 release,Gambian Genome Variation Project (GRCh38)
HG02585	male	SAME1839418	GWD	Gambian Mandinka	AFR	African Ancestry	GWD	1000 Genomes on GRCh38,1000 Genomes 30x on GRCh38,1000 Genomes phase 3 release,Gambian Genome Variation Project (GRCh38)
HG02667	female	SAME1839384	GWD	Gambian Mandinka	AFR	African Ancestry	GWD	1000 Genomes on GRCh38,1000 Genomes 30x on GRCh38,1000 Genomes phase 3 release,Gambian Genome Variation Project (GRCh38)
HG02679	female	SAME1839471	GWD	Gambian Mandinka	AFR	African Ancestry	GWD	1000 Genomes on GRCh38,1000 Genomes 30x on GRCh38,1000 Genomes phase 3 release,Gambian Genome Variation Project (GRCh38)
HG02756	male	SAME1839454	GWD	Gambian Mandinka	AFR	African Ancestry	GWD	1000 Genomes on GRCh38,1000 Genomes 30x on GRCh38,1000 Genomes phase 3 release,Gambian Genome Variation Project (GRCh38)
HG02763	female	SAME1839254	GWD	Gambian Mandinka	AFR	African Ancestry	GWD	1000 Genomes on GRCh38,1000 Genomes 30x on GRCh38,1000 Genomes phase 3 release,Gambian Genome Variation Project (GRCh38)
HG02768	male	SAME1839235	GWD	Gambian Mandinka	AFR	African Ancestry	GWD	1000 Genomes on GRCh38,1000 Genomes 30x on GRCh38,1000 Genomes phase 3 release,Gambian Genome Variation Project (GRCh38)
HG02770	female	SAME1839049	GWD	Gambian Mandinka	AFR	African Ancestry	GWD	1000 Genomes 30x on GRCh38
HG03242	male	SAME1839058	GWD	Gambian Mandinka	AFR	African Ancestry	GWD	1000 Genomes 30x on GRCh38
HG03247	female	SAME1839174	GWD	Gambian Mandinka	AFR	African Ancestry	GWD	1000 Genomes on GRCh38,1000 Genomes 30x on GRCh38,1000 Genomes phase 3 release,Gambian Genome Variation Project (GRCh38)
HG03259	female	SAME1840303	GWD	Gambian Mandinka	AFR	African Ancestry	GWD	1000 Genomes on GRCh38,1000 Genomes 30x on GRCh38,1000 Genomes phase 3 release,Gambian Genome Variation Project (GRCh38)
HG03538	male	SAME1840007	GWD	Gambian Mandinka	AFR	African Ancestry	GWD	1000 Genomes on GRCh38,1000 Genomes 30x on GRCh38,1000 Genomes phase 3 release,Gambian Genome Variation Project (GRCh38)
HG03540	female	SAME1839745	GWD	Gambian Mandinka	AFR	African Ancestry	GWD	1000 Genomes 30x on GRCh38
HG02798	male	SAME1840387	GWD	Gambian Mandinka	AFR	African Ancestry	GWD	1000 Genomes on GRCh38,1000 Genomes 30x on GRCh38,1000 Genomes phase 3 release,Gambian Genome Variation Project (GRCh38)
HG02806	female	SAME1840079	GWD	Gambian Mandinka	AFR	African Ancestry	GWD	1000 Genomes 30x on GRCh38
HG02813	male	SAME1839841	GWD	Gambian Mandinka	AFR	African Ancestry	GWD	1000 Genomes on GRCh38,1000 Genomes 30x on GRCh38,1000 Genomes phase 3 release,Gambian Genome Variation Project (GRCh38)
HG02818	female	SAME1839810	GWD	Gambian Mandinka	AFR	African Ancestry	GWD	1000 Genomes 30x on GRCh38,Human Genome Structural Variation Consortium, Phase 2
HG02820	female	SAME1839591	GWD	Gambian Mandinka	AFR	African Ancestry	GWD	1000 Genomes on GRCh38,1000 Genomes 30x on GRCh38,1000 Genomes phase 3 release,Gambian Genome Variation Project (GRCh38)
HG02837	female	SAME1839422	GWD	Gambian Mandinka	AFR	African Ancestry	GWD	1000 Genomes on GRCh38,1000 Genomes 30x on GRCh38,1000 Genomes phase 3 release,Gambian Genome Variation Project (GRCh38)
HG02851	male	SAME1839352	GWD	Gambian Mandinka	AFR	African Ancestry	GWD	1000 Genomes on GRCh38,1000 Genomes 30x on GRCh38,1000 Genomes phase 3 release,Gambian Genome Variation Project (GRCh38)
HG02856	male	SAME1839327	GWD	Gambian Mandinka	AFR	African Ancestry	GWD	1000 Genomes 30x on GRCh38
HG02666	male	SAME1839386	GWD	Gambian Mandinka	AFR	African Ancestry	GWD	1000 Genomes on GRCh38,1000 Genomes 30x on GRCh38,Human Genome Structural Variation Consortium, Phase 3,1000 Genomes phase 3 release,Gambian Genome Variation Project (GRCh38)
HG02678	male	SAME1839477	GWD	Gambian Mandinka	AFR	African Ancestry	GWD	1000 Genomes on GRCh38,1000 Genomes 30x on GRCh38,1000 Genomes phase 3 release,Gambian Genome Variation Project (GRCh38)
HG02680	female	SAME1839308	GWD	Gambian Mandinka	AFR	African Ancestry	GWD	1000 Genomes 30x on GRCh38
HG02717	male	SAME1839976	GWD	Gambian Mandinka	AFR	African Ancestry	GWD	1000 Genomes 30x on GRCh38
HG02611	female	SAME1840401	GWD	Gambian Mandinka	AFR	African Ancestry	GWD	1000 Genomes on GRCh38,1000 Genomes 30x on GRCh38,1000 Genomes phase 3 release,Gambian Genome Variation Project (GRCh38)
HG02623	male	SAME1840182	GWD	Gambian Mandinka	AFR	African Ancestry	GWD	1000 Genomes on GRCh38,1000 Genomes 30x on GRCh38,1000 Genomes phase 3 release,Gambian Genome Variation Project (GRCh38)
HG02628	male	SAME1840238	GWD	Gambian Mandinka	AFR	African Ancestry	GWD	1000 Genomes on GRCh38,1000 Genomes 30x on GRCh38,1000 Genomes phase 3 release,Gambian Genome Variation Project (GRCh38)
HG02630	female	SAME1839963	GWD	Gambian Mandinka	AFR	African Ancestry	GWD	1000 Genomes 30x on GRCh38
HG02635	female	SAME1840023	GWD	Gambian Mandinka	AFR	African Ancestry	GWD	1000 Genomes on GRCh38,1000 Genomes 30x on GRCh38,1000 Genomes phase 3 release,Gambian Genome Variation Project (GRCh38)
HG02642	male	SAME1839792	GWD	Gambian Mandinka	AFR	African Ancestry	GWD	1000 Genomes on GRCh38,1000 Genomes 30x on GRCh38,1000 Genomes phase 3 release,Gambian Genome Variation Project (GRCh38)
HG02647	male	SAME1839762	GWD	Gambian Mandinka	AFR	African Ancestry	GWD	1000 Genomes 30x on GRCh38
HG02572	male	SAME1839570	GWD	Gambian Mandinka	AFR	African Ancestry	GWD	1000 Genomes 30x on GRCh38
HG02584	male	SAME1839425	GWD	Gambian Mandinka	AFR	African Ancestry	GWD	1000 Genomes 30x on GRCh38
HG02589	female	SAME1839401	GWD	Gambian Mandinka	AFR	African Ancestry	GWD	1000 Genomes on GRCh38,1000 Genomes 30x on GRCh38,1000 Genomes phase 3 release,Gambian Genome Variation Project (GRCh38)
HG02596	male	SAME1839201	GWD	Gambian Mandinka	AFR	African Ancestry	GWD	1000 Genomes 30x on GRCh38
HG02464	male	SAME1839978	GWD	Gambian Mandinka,Gambian	AFR	African Ancestry,Africa (SGDP)	GWD,GambianSGDP	1000 Genomes on GRCh38,Simons Genome Diversity Project,1000 Genomes 30x on GRCh38,1000 Genomes phase 3 release,Gambian Genome Variation Project (GRCh38)
HG02762	male	SAME1839258	GWD	Gambian Mandinka	AFR	African Ancestry	GWD	1000 Genomes on GRCh38,1000 Genomes 30x on GRCh38,Gambian Genome Variation Project (GRCh38)
HG02983	female	SAME1840009	GWD	Gambian Mandinka	AFR	African Ancestry	GWD	1000 Genomes on GRCh38,1000 Genomes 30x on GRCh38,1000 Genomes phase 3 release,Gambian Genome Variation Project (GRCh38)
HG03241	female	SAME1839053	GWD	Gambian Mandinka	AFR	African Ancestry	GWD	1000 Genomes on GRCh38,1000 Genomes 30x on GRCh38,1000 Genomes phase 3 release,Gambian Genome Variation Project (GRCh38)
HG03246	male	SAME1839168	GWD	Gambian Mandinka	AFR	African Ancestry	GWD	1000 Genomes on GRCh38,1000 Genomes 30x on GRCh38,1000 Genomes phase 3 release,Gambian Genome Variation Project (GRCh38)
HG02870	female	SAME1840320	GWD	Gambian Mandinka	AFR	African Ancestry	GWD	1000 Genomes on GRCh38,1000 Genomes 30x on GRCh38,1000 Genomes phase 3 release,Gambian Genome Variation Project (GRCh38)
HG02882	female	SAME1840171	GWD	Gambian Mandinka	AFR	African Ancestry	GWD	1000 Genomes on GRCh38,1000 Genomes 30x on GRCh38,1000 Genomes phase 3 release,Gambian Genome Variation Project (GRCh38)
HG02887	male	SAME1840147	GWD	Gambian Mandinka	AFR	African Ancestry	GWD	1000 Genomes on GRCh38,1000 Genomes 30x on GRCh38,1000 Genomes phase 3 release,Gambian Genome Variation Project (GRCh38)
HG03258	male	SAME1840296	GWD	Gambian Mandinka	AFR	African Ancestry	GWD	1000 Genomes on GRCh38,1000 Genomes 30x on GRCh38,1000 Genomes phase 3 release,Gambian Genome Variation Project (GRCh38)
HG03260	male	SAME1840140	GWD	Gambian Mandinka	AFR	African Ancestry	GWD	1000 Genomes 30x on GRCh38
HG03025	female	SAME1839711	GWD	Gambian Mandinka	AFR	African Ancestry	GWD	1000 Genomes on GRCh38,1000 Genomes 30x on GRCh38,1000 Genomes phase 3 release,Gambian Genome Variation Project (GRCh38)
HG03049	female	SAME1839653	GWD	Gambian Mandinka	AFR	African Ancestry	GWD	1000 Genomes on GRCh38,1000 Genomes 30x on GRCh38,1000 Genomes phase 3 release,Gambian Genome Variation Project (GRCh38)
SC_GMMAN5482291	female		GWD	Gambian Mandinka	AFR	African Ancestry	GWD	Gambian Genome Variation Project (GRCh37),Gambian Genome Variation Project (GRCh38)
SC_GMMAN5482323	male		GWD	Gambian Mandinka	AFR	African Ancestry	GWD	Gambian Genome Variation Project (GRCh37),Gambian Genome Variation Project (GRCh38)
SC_GMMAN5482260	male		GWD	Gambian Mandinka	AFR	African Ancestry	GWD	Gambian Genome Variation Project (GRCh37),Gambian Genome Variation Project (GRCh38)
SC_GMMAN5482284	female		GWD	Gambian Mandinka	AFR	African Ancestry	GWD	Gambian Genome Variation Project (GRCh37),Gambian Genome Variation Project (GRCh38)
SC_GMMAN5482316	female		GWD	Gambian Mandinka	AFR	African Ancestry	GWD	Gambian Genome Variation Project (GRCh37),Gambian Genome Variation Project (GRCh38)
SC_GMMAN5482309	male		GWD	Gambian Mandinka	AFR	African Ancestry	GWD	Gambian Genome Variation Project (GRCh37),Gambian Genome Variation Project (GRCh38)
SC_GMMAN5482171	female		GWD	Gambian Mandinka	AFR	African Ancestry	GWD	Gambian Genome Variation Project (GRCh37),Gambian Genome Variation Project (GRCh38)
SC_GMMAN5482241	male		GWD	Gambian Mandinka	AFR	African Ancestry	GWD	Gambian Genome Variation Project (GRCh37),Gambian Genome Variation Project (GRCh38)
SC_GMMAN5482195	female		GWD	Gambian Mandinka	AFR	African Ancestry	GWD	Gambian Genome Variation Project (GRCh37),Gambian Genome Variation Project (GRCh38)
SC_GMMAN5482203	male		GWD	Gambian Mandinka	AFR	African Ancestry	GWD	Gambian Genome Variation Project (GRCh37),Gambian Genome Variation Project (GRCh38)
SC_GMMAN5482227	male		GWD	Gambian Mandinka	AFR	African Ancestry	GWD	Gambian Genome Variation Project (GRCh37),Gambian Genome Variation Project (GRCh38)
SC_GMMAN5482164	female		GWD	Gambian Mandinka	AFR	African Ancestry	GWD	Gambian Genome Variation Project (GRCh37),Gambian Genome Variation Project (GRCh38)
SC_GMMAN5482234	male		GWD	Gambian Mandinka	AFR	African Ancestry	GWD	Gambian Genome Variation Project (GRCh37),Gambian Genome Variation Project (GRCh38)
SC_GMMAN5482215	female		GWD	Gambian Mandinka	AFR	African Ancestry	GWD	Gambian Genome Variation Project (GRCh37),Gambian Genome Variation Project (GRCh38)
SC_GMMAN5482239	male		GWD	Gambian Mandinka	AFR	African Ancestry	GWD	Gambian Genome Variation Project (GRCh37),Gambian Genome Variation Project (GRCh38)
SC_GMMAN5482176	female		GWD	Gambian Mandinka	AFR	African Ancestry	GWD	Gambian Genome Variation Project (GRCh37),Gambian Genome Variation Project (GRCh38)
SC_GMMAN5482208	male		GWD	Gambian Mandinka	AFR	African Ancestry	GWD	Gambian Genome Variation Project (GRCh37),Gambian Genome Variation Project (GRCh38)
SC_GMMAN5482169	female		GWD	Gambian Mandinka	AFR	African Ancestry	GWD	Gambian Genome Variation Project (GRCh37),Gambian Genome Variation Project (GRCh38)
SC_GMMAN5482258	female		GWD	Gambian Mandinka	AFR	African Ancestry	GWD	Gambian Genome Variation Project (GRCh37),Gambian Genome Variation Project (GRCh38)
SC_GMMAN5482173	female		GWD	Gambian Mandinka	AFR	African Ancestry	GWD	Gambian Genome Variation Project (GRCh37),Gambian Genome Variation Project (GRCh38)
SC_GMMAN5482197	female		GWD	Gambian Mandinka	AFR	African Ancestry	GWD	Gambian Genome Variation Project (GRCh37),Gambian Genome Variation Project (GRCh38)
SC_GMMAN5482205	male		GWD	Gambian Mandinka	AFR	African Ancestry	GWD	Gambian Genome Variation Project (GRCh37),Gambian Genome Variation Project (GRCh38)
SC_GMMAN5482229	male		GWD	Gambian Mandinka	AFR	African Ancestry	GWD	Gambian Genome Variation Project (GRCh37),Gambian Genome Variation Project (GRCh38)
SC_GMMAN5482231	male		GWD	Gambian Mandinka	AFR	African Ancestry	GWD	Gambian Genome Variation Project (GRCh37),Gambian Genome Variation Project (GRCh38)
SC_GMMAN5482255	male		GWD	Gambian Mandinka	AFR	African Ancestry	GWD	Gambian Genome Variation Project (GRCh37),Gambian Genome Variation Project (GRCh38)
SC_GMMAN5482192	female		GWD	Gambian Mandinka	AFR	African Ancestry	GWD	Gambian Genome Variation Project (GRCh37),Gambian Genome Variation Project (GRCh38)
SC_GMMAN5482200	female		GWD	Gambian Mandinka	AFR	African Ancestry	GWD	Gambian Genome Variation Project (GRCh37),Gambian Genome Variation Project (GRCh38)
SC_GMMAN5482224	female		GWD	Gambian Mandinka	AFR	African Ancestry	GWD	Gambian Genome Variation Project (GRCh37),Gambian Genome Variation Project (GRCh38)
SC_GMMAN5482248	female		GWD	Gambian Mandinka	AFR	African Ancestry	GWD	Gambian Genome Variation Project (GRCh37),Gambian Genome Variation Project (GRCh38)
SC_GMMAN5482185	male		GWD	Gambian Mandinka	AFR	African Ancestry	GWD	Gambian Genome Variation Project (GRCh37),Gambian Genome Variation Project (GRCh38)
SC_GMMAN5482217	female		GWD	Gambian Mandinka	AFR	African Ancestry	GWD	Gambian Genome Variation Project (GRCh37),Gambian Genome Variation Project (GRCh38)
SC_GMMAN5482274	male		GWD	Gambian Mandinka	AFR	African Ancestry	GWD	Gambian Genome Variation Project (GRCh37),Gambian Genome Variation Project (GRCh38)
SC_GMMAN5482298	male		GWD	Gambian Mandinka	AFR	African Ancestry	GWD	Gambian Genome Variation Project (GRCh37),Gambian Genome Variation Project (GRCh38)
SC_GMMAN5482306	male		GWD	Gambian Mandinka	AFR	African Ancestry	GWD	Gambian Genome Variation Project (GRCh37),Gambian Genome Variation Project (GRCh38)
SC_GMMAN5482250	male		GWD	Gambian Mandinka	AFR	African Ancestry	GWD	Gambian Genome Variation Project (GRCh37),Gambian Genome Variation Project (GRCh38)
SC_GMMAN5482243	female		GWD	Gambian Mandinka	AFR	African Ancestry	GWD	Gambian Genome Variation Project (GRCh37),Gambian Genome Variation Project (GRCh38)
SC_GMMAN5482180	male		GWD	Gambian Mandinka	AFR	African Ancestry	GWD	Gambian Genome Variation Project (GRCh37),Gambian Genome Variation Project (GRCh38)
SC_GMMAN5482212	female		GWD	Gambian Mandinka	AFR	African Ancestry	GWD	Gambian Genome Variation Project (GRCh37),Gambian Genome Variation Project (GRCh38)
SC_GMMAN5482236	male		GWD	Gambian Mandinka	AFR	African Ancestry	GWD	Gambian Genome Variation Project (GRCh37),Gambian Genome Variation Project (GRCh38)
SC_GMMAN5482178	male		GWD	Gambian Mandinka	AFR	African Ancestry	GWD	Gambian Genome Variation Project (GRCh37),Gambian Genome Variation Project (GRCh38)
SC_GMMAN5482332	male		GWD	Gambian Mandinka	AFR	African Ancestry	GWD	Gambian Genome Variation Project (GRCh37),Gambian Genome Variation Project (GRCh38)
SC_GMMAN5482293	female		GWD	Gambian Mandinka	AFR	African Ancestry	GWD	Gambian Genome Variation Project (GRCh37),Gambian Genome Variation Project (GRCh38)
SC_GMMAN5482301	male		GWD	Gambian Mandinka	AFR	African Ancestry	GWD	Gambian Genome Variation Project (GRCh37),Gambian Genome Variation Project (GRCh38)
SC_GMMAN5482242	female		GWD	Gambian Mandinka	AFR	African Ancestry	GWD	Gambian Genome Variation Project (GRCh37),Gambian Genome Variation Project (GRCh38)
SC_GMMAN5482189	female		GWD	Gambian Mandinka	AFR	African Ancestry	GWD	Gambian Genome Variation Project (GRCh37),Gambian Genome Variation Project (GRCh38)
SC_GMMAN5482191	male		GWD	Gambian Mandinka	AFR	African Ancestry	GWD	Gambian Genome Variation Project (GRCh37),Gambian Genome Variation Project (GRCh38)
SC_GMMAN5482223	female		GWD	Gambian Mandinka	AFR	African Ancestry	GWD	Gambian Genome Variation Project (GRCh37),Gambian Genome Variation Project (GRCh38)
SC_GMMAN5482247	female		GWD	Gambian Mandinka	AFR	African Ancestry	GWD	Gambian Genome Variation Project (GRCh37),Gambian Genome Variation Project (GRCh38)
SC_GMMAN5482184	male		GWD	Gambian Mandinka	AFR	African Ancestry	GWD	Gambian Genome Variation Project (GRCh37),Gambian Genome Variation Project (GRCh38)
SC_GMMAN5482216	male		GWD	Gambian Mandinka	AFR	African Ancestry	GWD	Gambian Genome Variation Project (GRCh37),Gambian Genome Variation Project (GRCh38)
SC_GMMAN5482211	male		GWD	Gambian Mandinka	AFR	African Ancestry	GWD	Gambian Genome Variation Project (GRCh37),Gambian Genome Variation Project (GRCh38)
SC_GMMAN5482235	female		GWD	Gambian Mandinka	AFR	African Ancestry	GWD	Gambian Genome Variation Project (GRCh37),Gambian Genome Variation Project (GRCh38)
SC_GMMAN5482172	female		GWD	Gambian Mandinka	AFR	African Ancestry	GWD	Gambian Genome Variation Project (GRCh37),Gambian Genome Variation Project (GRCh38)
SC_GMMAN5482228	male		GWD	Gambian Mandinka	AFR	African Ancestry	GWD	Gambian Genome Variation Project (GRCh37),Gambian Genome Variation Project (GRCh38)
SC_GMMAN5482165	female		GWD	Gambian Mandinka	AFR	African Ancestry	GWD	Gambian Genome Variation Project (GRCh37),Gambian Genome Variation Project (GRCh38)
SC_GMMAN5482292	female		GWD	Gambian Mandinka	AFR	African Ancestry	GWD	Gambian Genome Variation Project (GRCh37),Gambian Genome Variation Project (GRCh38)
SC_GMMAN5482300	male		GWD	Gambian Mandinka	AFR	African Ancestry	GWD	Gambian Genome Variation Project (GRCh37),Gambian Genome Variation Project (GRCh38)
SC_GMMAN5482324	male		GWD	Gambian Mandinka	AFR	African Ancestry	GWD	Gambian Genome Variation Project (GRCh37),Gambian Genome Variation Project (GRCh38)
SC_GMMAN5482348	male		GWD	Gambian Mandinka	AFR	African Ancestry	GWD	Gambian Genome Variation Project (GRCh37),Gambian Genome Variation Project (GRCh38)
SC_GMMAN5482285	female		GWD	Gambian Mandinka	AFR	African Ancestry	GWD	Gambian Genome Variation Project (GRCh37),Gambian Genome Variation Project (GRCh38)
SC_GMMAN5482177	female		GWD	Gambian Mandinka	AFR	African Ancestry	GWD	Gambian Genome Variation Project (GRCh37),Gambian Genome Variation Project (GRCh38)
SC_GMMAN5482209	male		GWD	Gambian Mandinka	AFR	African Ancestry	GWD	Gambian Genome Variation Project (GRCh37),Gambian Genome Variation Project (GRCh38)
SC_GMMAN5482266	female		GWD	Gambian Mandinka	AFR	African Ancestry	GWD	Gambian Genome Variation Project (GRCh37),Gambian Genome Variation Project (GRCh38)
